ts_utc,ts_msk,azs_total,azs_available,p_med_АИ-92,p_p10_АИ-92,p_p90_АИ-92,p_min_АИ-92,p_max_АИ-92,p_n_АИ-92,p_navail_АИ-92,p_fresh_АИ-92,p_age_АИ-92,p_med_АИ-95,p_p10_АИ-95,p_p90_АИ-95,p_min_АИ-95,p_max_АИ-95,p_n_АИ-95,p_navail_АИ-95,p_fresh_АИ-95,p_age_АИ-95,p_med_АИ-98,p_p10_АИ-98,p_p90_АИ-98,p_min_АИ-98,p_max_АИ-98,p_n_АИ-98,p_navail_АИ-98,p_fresh_АИ-98,p_age_АИ-98,p_med_АИ-100,p_p10_АИ-100,p_p90_АИ-100,p_min_АИ-100,p_max_АИ-100,p_n_АИ-100,p_navail_АИ-100,p_fresh_АИ-100,p_age_АИ-100,p_med_ДТ,p_p10_ДТ,p_p90_ДТ,p_min_ДТ,p_max_ДТ,p_n_ДТ,p_navail_ДТ,p_fresh_ДТ,p_age_ДТ,gb_total,gb_yes,gb_no,gb_queue,gb_low,gb_unknown,gb_now_92,gb_now_95,gb_now_98,gb_now_100,gb_now_ДТ,net_net_АИ-92,net_indep_АИ-92,net_spread_АИ-92,net_net_АИ-95,net_indep_АИ-95,net_spread_АИ-95,net_net_АИ-98,net_indep_АИ-98,net_spread_АИ-98,net_net_АИ-100,net_indep_АИ-100,net_spread_АИ-100,net_net_ДТ,net_indep_ДТ,net_spread_ДТ,net95_med,net95_n,indep95_med,indep95_n,spread95,net95_Роснефть,net95_Газпромнефть,net95_Лукойл
2026-07-08 14:54:13,2026-07-08 17:54:13,1255,1029,65.15,63.95,79.9,55.99,134.0,1094,911,,,71.8,69.83,89.9,62.09,139.0,989,829,,,104.48,99.9,127.4,96.99,133.0,20,15,,,98.3,95.69,99.99,84.65,115.11,398,370,,,79.65,77.94,89.98,68.89,145.0,934,766,,,1274,551,470,79,25,149,449,393,174,186,467,,,,,,,,,,,,,,,,,,,,,,,
2026-07-08 14:54:37,2026-07-08 17:54:37,1255,1029,65.15,63.95,79.9,55.99,134.0,1094,911,,,71.8,69.83,89.9,62.09,139.0,989,829,,,104.48,99.9,127.4,96.99,133.0,20,15,,,98.3,95.69,99.99,84.65,115.11,398,370,,,79.65,77.94,89.98,68.89,145.0,934,766,,,1274,551,470,79,25,149,449,393,174,186,467,,,,,,,,,,,,,,,,,,,,,,,
2026-07-08 15:09:27,2026-07-08 18:09:27,1254,1028,65.15,63.95,79.9,55.99,134.0,1094,911,,,71.8,69.83,89.9,62.09,139.0,989,829,,,104.48,99.9,127.4,96.99,133.0,20,15,,,98.3,95.73,99.99,84.65,115.11,398,370,,,79.65,77.94,89.98,68.89,145.0,934,766,,,1274,552,479,80,24,139,464,403,184,195,476,,,,,,,,,,,,,,,,,,,,,,,
2026-07-08 15:37:12,2026-07-08 18:37:12,1255,1030,65.15,63.95,79.9,55.99,134.0,1094,911,,,71.8,69.83,89.9,62.09,139.0,989,830,,,104.48,99.9,127.4,96.99,133.0,20,15,,,98.3,95.69,99.99,84.65,115.11,398,371,,,79.65,77.94,89.98,68.89,145.0,934,766,,,1274,552,484,79,26,133,469,411,190,192,489,,,,,,,,,,,,,,,,,,,,,,,
2026-07-08 15:51:57,2026-07-08 18:51:57,1254,1029,65.15,63.95,79.9,55.99,134.0,1093,910,,,71.8,69.83,89.9,62.09,139.0,988,829,,,104.48,99.9,127.4,96.99,133.0,20,15,,,98.3,95.69,99.99,84.65,115.11,398,371,,,79.65,77.94,89.98,68.89,145.0,933,765,,,1274,551,488,80,25,130,463,414,198,199,485,,,,,,,,,,,,,,,,,,,,,,,
2026-07-08 16:05:01,2026-07-08 19:05:01,1254,1029,65.15,64.0,79.9,55.99,134.0,1093,910,981,,71.77,69.8,89.9,62.09,139.0,988,829,879,,99.9,99.9,130.6,96.99,133.0,20,15,12,,99.4,95.95,102.9,84.65,110.0,398,371,238,,79.65,78.09,89.98,68.89,145.0,933,765,856,,1274,550,488,79,27,130,459,415,191,193,480,,,,,,,,,,,,,,,,,,,,,,,
2026-07-08 19:27:16,2026-07-08 22:27:16,1254,1026,65.19,64.0,79.9,55.99,134.0,1093,908,996,,71.8,69.83,89.9,62.09,139.0,988,826,906,,99.9,99.9,130.6,96.99,133.0,20,15,12,,99.4,96.22,102.9,84.65,110.0,399,373,243,,79.65,78.09,89.98,68.89,145.0,933,763,865,,1274,541,530,92,20,91,434,393,169,166,452,,,,,,,,,,,,,,,,,,,,,,,
2026-07-08 20:51:32,2026-07-08 23:51:32,1252,984,65.19,63.99,79.9,55.99,134.0,1094,869,841,,71.67,69.75,89.9,62.09,139.0,989,789,739,,99.9,99.9,127.4,99.9,133.0,20,15,8,,99.4,97.85,102.9,84.65,110.0,399,354,163,,79.65,78.09,89.9,68.89,142.0,934,726,796,,1275,540,530,89,21,95,396,380,153,150,417,,,,,,,,,,,,,,,,71.25,537,79.99,202,8.74,71.25,71.42,71.92
2026-07-08 21:06:46,2026-07-09 00:06:46,1252,952,65.19,63.99,79.9,55.99,134.0,1094,838,841,,71.67,69.75,89.9,62.09,139.0,989,760,739,,99.9,99.9,127.4,99.9,133.0,20,16,8,,99.4,97.85,102.9,84.65,110.0,399,337,163,,79.65,78.09,89.9,68.89,142.0,934,695,796,,1275,545,529,85,20,96,389,368,153,144,410,,,,,,,,,,,,,,,,71.25,537,79.99,202,8.74,71.25,71.42,71.92
2026-07-08 21:23:50,2026-07-09 00:23:50,1247,1015,65.19,63.99,79.9,55.99,134.0,1089,899,845,,71.72,69.75,89.9,62.09,139.0,984,817,744,,99.9,99.9,127.4,99.9,133.0,20,16,8,,99.4,97.85,102.9,84.65,110.0,398,372,163,,79.65,78.09,89.9,68.89,142.0,929,754,796,,1275,541,533,85,20,96,381,358,144,139,394,,,,,,,,,,,,,,,,71.29,539,79.99,205,8.7,71.25,71.48,71.92
2026-07-08 21:32:42,2026-07-09 00:32:42,1251,1019,65.19,63.99,79.9,55.99,134.0,1092,902,845,,71.72,69.75,89.9,62.09,139.0,987,820,744,,99.9,99.9,127.4,99.9,133.0,20,16,8,,99.4,97.85,102.9,84.65,110.0,399,373,163,,79.65,78.09,89.9,68.89,142.0,932,757,796,,1275,540,532,85,21,97,382,359,146,139,391,,,,,,,,,,,,,,,,71.29,539,79.99,205,8.7,71.25,71.48,71.92
2026-07-08 21:37:14,2026-07-09 00:37:14,1251,965,65.19,63.99,79.9,55.99,134.0,1092,852,845,,71.72,69.75,89.9,62.09,139.0,987,774,744,,99.9,99.9,127.4,99.9,133.0,20,16,8,,99.4,97.85,102.9,84.65,110.0,399,337,163,,79.65,78.09,89.9,68.89,142.0,932,713,796,,1275,542,530,85,22,96,382,359,146,138,394,,,,,,,,,,,,,,,,71.29,539,79.99,205,8.7,71.25,71.48,71.92
2026-07-08 21:47:22,2026-07-09 00:47:22,1251,1021,65.19,63.99,79.9,55.99,134.0,1092,903,845,,71.72,69.75,89.9,62.09,139.0,987,822,744,,99.9,99.9,127.4,99.9,133.0,20,16,8,,99.4,97.85,102.9,84.65,110.0,399,370,163,,79.65,78.09,89.9,68.89,142.0,932,758,796,,1275,538,536,86,19,96,381,358,150,139,390,,,,,,,,,,,,,,,,71.29,539,79.99,205,8.7,71.25,71.48,71.92
2026-07-08 21:54:55,2026-07-09 00:54:55,1249,1019,65.19,63.99,79.9,55.99,134.0,1090,901,844,,71.72,69.75,89.9,62.09,139.0,985,820,743,,99.9,99.9,127.4,99.9,133.0,20,16,8,,99.4,97.85,102.9,84.65,110.0,398,369,163,,79.65,78.09,89.9,68.89,142.0,930,756,795,,1275,538,535,87,20,95,385,358,149,139,391,,,,,,,,,,,,,,,,71.29,539,79.99,204,8.7,71.25,71.48,71.92
2026-07-08 22:05:20,2026-07-09 01:05:20,1251,983,65.19,63.99,79.9,55.99,134.0,1092,867,845,,71.72,69.75,89.9,62.09,139.0,987,791,744,,99.9,99.9,127.4,99.9,133.0,20,15,8,,99.4,97.85,102.9,84.65,110.0,399,349,163,,79.65,78.09,89.9,68.89,142.0,932,722,796,,1275,537,535,87,19,97,389,353,139,134,386,,,,,,,,,,,,,,,,71.29,540,79.99,204,8.7,71.25,71.48,71.92
2026-07-08 22:10:02,2026-07-09 01:10:02,1249,981,65.19,63.99,79.9,55.99,134.0,1090,864,846,,71.72,69.75,89.9,62.09,139.0,985,788,746,,99.9,99.9,127.4,99.9,133.0,20,16,8,,99.4,97.85,102.9,84.65,110.0,396,345,163,,79.65,78.09,89.9,68.89,142.0,930,719,795,,1275,537,535,87,19,97,389,353,139,134,386,,,,,,,,,,,,,,,,71.29,539,82.99,207,11.7,71.25,71.48,71.92
2026-07-08 22:14:05,2026-07-09 01:14:05,1249,1002,65.19,63.99,79.9,55.99,134.0,1090,886,846,,71.72,69.75,89.9,62.09,139.0,985,806,746,,99.9,99.9,127.4,99.9,133.0,20,14,8,,99.4,97.85,102.9,84.65,110.0,396,359,163,,79.65,78.09,89.9,68.89,142.0,930,743,795,,1275,534,540,86,20,95,381,348,134,132,376,,,,,,,,,,,,,,,,71.29,539,82.99,207,11.7,71.25,71.48,71.92
2026-07-09 00:18:17,2026-07-09 03:18:17,1250,1011,65.19,63.99,79.9,55.99,134.0,1092,894,832,,71.72,69.75,89.9,62.09,139.0,988,817,730,,99.9,99.9,127.4,99.9,133.0,20,16,8,,99.4,98.3,105.9,84.65,110.0,397,364,143,,79.65,78.09,88.61,68.89,142.0,933,749,788,,1275,544,536,72,20,103,317,292,95,94,307,,,,,,,,,,,,,,,,71.25,526,82.99,204,11.74,71.25,71.51,72.47
2026-07-09 05:05:50,2026-07-09 08:05:50,1256,1015,65.19,63.99,79.9,55.99,134.0,1094,895,839,,71.72,69.75,89.9,62.09,139.0,990,817,735,,99.9,99.9,127.4,99.9,133.0,20,16,8,,99.4,98.3,105.9,84.65,110.0,397,370,143,,79.65,78.09,88.49,68.89,142.0,934,750,792,,1275,515,497,26,86,151,364,340,79,63,387,,,,,,,,,,,,,,,,71.27,530,82.99,205,11.72,71.25,71.51,72.66
2026-07-09 06:18:30,2026-07-09 09:18:30,1254,1013,65.19,64.0,79.9,55.99,134.0,1093,894,842,,71.72,69.75,89.9,62.09,139.0,989,816,737,,99.9,99.9,127.4,99.9,133.0,20,16,8,,99.4,98.3,105.9,84.65,110.0,396,369,143,,79.65,78.09,88.49,68.89,142.0,933,749,794,,1275,514,467,21,106,167,414,378,86,93,449,65.41,67.99,2.58,71.5,79.99,8.49,127.0,99.98,-27.02,99.4,99.39,-0.01,79.68,87.24,7.56,71.5,57,79.99,74,8.49,70.05,71.27,71.71
2026-07-09 06:31:37,2026-07-09 09:31:37,1255,1013,65.19,64.0,79.9,55.99,134.0,1093,894,842,,71.72,69.75,89.9,62.09,139.0,989,816,737,,99.9,99.9,127.4,99.9,133.0,20,16,8,,99.4,98.3,105.9,84.65,110.0,396,369,143,,79.65,78.09,88.49,68.89,142.0,933,749,794,,1275,517,468,22,102,166,426,386,102,94,466,65.41,67.99,2.58,71.5,79.99,8.49,127.0,99.98,-27.02,99.4,99.39,-0.01,79.68,87.24,7.56,71.5,57,79.99,74,8.49,70.05,71.27,71.71
2026-07-09 06:35:52,2026-07-09 09:35:52,1255,1013,65.19,64.0,79.9,55.99,134.0,1093,894,842,,71.72,69.75,89.9,62.09,139.0,989,816,737,,99.9,99.9,127.4,99.9,133.0,20,16,8,,99.4,98.3,105.9,84.65,110.0,396,369,143,,79.65,78.09,88.49,68.89,142.0,933,749,794,,1275,517,468,22,102,166,426,386,102,94,466,65.41,67.99,2.58,71.5,79.99,8.49,127.0,99.98,-27.02,99.4,99.39,-0.01,79.68,87.24,7.56,71.5,57,79.99,74,8.49,70.05,71.27,71.71
2026-07-09 07:26:44,2026-07-09 10:26:44,1255,1041,65.19,64.0,79.9,55.99,134.0,1093,921,848,,71.72,69.75,89.9,62.09,139.0,989,835,735,,99.9,99.9,127.4,99.9,133.0,20,16,8,,99.4,98.3,105.9,84.65,110.0,396,373,143,,79.65,78.09,88.0,68.89,145.0,933,776,795,,1275,546,431,19,108,171,469,425,116,112,503,65.41,68.99,3.58,71.5,79.99,8.49,127.0,99.98,-27.02,99.4,99.39,-0.01,79.68,87.49,7.81,71.5,49,79.99,72,8.49,69.95,71.27,71.5
2026-07-09 07:57:30,2026-07-09 10:57:30,1255,1047,65.19,64.0,79.9,55.99,134.0,1093,927,848,,71.72,69.75,89.9,62.09,139.0,989,841,735,,99.9,99.9,127.4,99.9,133.0,20,16,8,,99.4,98.3,105.9,84.65,110.0,396,375,143,,79.65,78.09,88.0,68.89,142.0,933,782,795,,1275,539,422,19,120,175,465,424,119,118,498,65.41,68.99,3.58,71.5,79.99,8.49,127.0,99.98,-27.02,99.4,99.39,-0.01,79.68,87.49,7.81,71.5,49,79.99,72,8.49,69.95,71.27,71.5
2026-07-09 08:35:38,2026-07-09 11:35:38,1255,1033,65.21,64.0,79.9,55.99,134.0,1094,914,854,,71.72,69.75,89.9,62.09,139.0,990,827,739,,99.9,99.9,127.4,99.9,133.0,20,16,8,,99.4,98.3,105.9,84.65,110.0,396,366,143,,79.65,78.09,88.0,68.89,142.0,934,768,796,,1275,530,422,23,129,171,442,403,114,108,481,65.41,69.13,3.72,71.5,79.99,8.49,127.0,99.98,-27.02,99.4,99.39,-0.01,79.68,87.49,7.81,71.5,45,79.99,70,8.49,69.95,71.05,71.5
2026-07-09 09:06:10,2026-07-09 12:06:10,1255,1048,65.21,64.0,79.9,55.99,134.0,1094,928,857,0.0,71.72,69.75,89.9,62.09,139.0,990,842,740,0.0,99.9,99.9,127.4,99.9,133.0,20,16,8,13.0,99.4,98.3,105.9,84.65,110.0,396,375,144,8.0,79.65,78.09,88.0,68.89,145.0,934,783,796,0.0,1275,501,429,25,150,170,440,405,112,103,476,65.41,69.13,3.72,71.48,79.99,8.51,127.0,99.98,-27.02,99.4,99.39,-0.01,79.68,87.5,7.82,71.48,43,79.99,68,8.51,69.95,70.87,71.5
2026-07-09 10:14:56,2026-07-09 13:14:56,1256,1035,65.21,64.0,79.9,55.99,134.0,1094,916,858,0.0,71.72,69.75,89.9,62.09,139.0,990,832,740,0.0,99.9,99.9,127.4,99.9,133.0,20,15,8,13.0,99.4,98.3,105.9,84.65,110.0,396,368,146,8.0,79.65,78.09,88.0,68.89,145.0,934,772,797,0.0,1275,506,439,21,148,161,437,405,107,92,471,65.41,69.28,3.87,71.48,79.99,8.51,127.0,99.98,-27.02,99.4,99.39,-0.01,79.68,87.5,7.82,71.48,43,79.99,67,8.51,69.95,70.75,71.5
2026-07-09 12:13:21,2026-07-09 15:13:21,1254,1054,65.21,64.0,79.9,55.99,134.0,1094,935,863,0.0,71.72,69.75,89.9,62.09,139.0,990,851,740,0.0,99.9,99.9,127.4,99.9,133.0,20,16,8,13.0,99.4,98.26,105.9,84.65,110.0,396,376,140,8.5,79.65,78.09,88.1,68.89,142.0,934,791,799,0.0,1275,456,479,30,172,138,422,392,88,82,451,65.41,68.99,3.58,71.34,79.99,8.65,127.0,99.98,-27.02,99.4,99.39,-0.01,79.68,87.5,7.82,71.34,38,79.99,65,8.65,69.95,70.63,71.5
2026-07-09 16:07:10,2026-07-09 19:07:10,1253,1051,65.21,64.0,79.9,55.99,134.0,1093,932,867,0,71.72,69.75,89.9,62.09,139.0,989,847,742,0,99.9,99.9,127.4,99.9,133.0,20,17,8,13.0,99.4,98.3,105.9,84.65,110.0,395,375,146,8,79.65,78.09,88.05,68.89,142.0,933,788,800,0,1273,469,465,27,206,106,478,428,104,98,489,65.27,67.99,2.72,71.34,80.49,9.15,127.0,99.98,-27.02,99.4,99.39,-0.01,79.68,87.49,7.81,71.34,35,80.49,62,9.15,69.95,70.63,71.5
2026-07-09 18:55:23,2026-07-09 21:55:23,1253,1032,65.21,64.0,79.9,55.99,134.0,1092,914,867,0.0,71.72,69.75,89.9,62.09,145.0,988,831,743,0.0,99.9,99.9,127.4,99.9,133.0,20,17,8,13.0,99.4,98.21,105.9,84.65,125.0,396,366,149,8.0,79.65,78.09,88.1,68.89,142.0,932,772,799,0.0,1273,429,510,34,205,95,417,381,86,83,411,65.27,67.99,2.72,71.34,79.99,8.65,127.0,99.98,-27.02,99.4,112.19,12.79,79.68,87.49,7.81,71.34,33,79.99,59,8.65,69.95,70.63,71.5
2026-07-09 20:53:08,2026-07-09 23:53:08,1252,1044,65.24,64.0,79.9,55.99,134.0,1093,926,870,0,71.72,69.75,89.9,62.09,145.0,989,844,745,0,99.9,99.9,127.4,99.9,133.0,20,17,8,13.0,99.4,98.26,105.9,84.65,125.0,398,377,150,8.0,79.65,78.08,88.49,68.89,142.0,933,783,800,0,1273,462,488,25,203,95,413,386,83,91,430,65.27,67.99,2.72,71.34,82.49,11.15,127.0,99.98,-27.02,99.4,112.19,12.79,79.68,87.49,7.81,71.34,32,82.49,55,11.15,69.95,70.63,71.5
2026-07-09 22:39:45,2026-07-10 01:39:45,1252,1048,65.27,64.0,79.9,55.99,134.0,1090,927,870,0.0,71.8,69.75,89.9,62.09,145.0,987,845,746,0,99.9,99.9,127.4,99.9,133.0,20,17,8,13.0,99.4,98.26,105.9,84.65,125.0,396,379,150,8.0,79.65,78.09,88.1,68.89,145.0,931,784,799,0,1273,412,530,20,211,100,325,312,68,68,329,64.98,72.49,7.51,71.5,82.49,10.99,127.0,99.98,-27.02,99.4,105.9,6.5,79.51,87.99,8.48,71.5,122,82.49,57,10.99,71.25,71.79,71.5
2026-07-10 00:13:59,2026-07-10 03:13:59,1251,1041,65.39,64.0,79.9,55.99,135.0,1091,922,863,0,71.8,69.8,89.9,62.09,145.0,988,840,738,0.0,99.9,99.9,127.4,99.9,133.0,20,17,8,14.0,99.4,98.0,105.9,84.65,125.0,397,376,144,9,79.67,78.12,88.49,68.89,145.0,932,779,795,0.0,1273,393,510,14,242,114,255,261,57,65,232,65.41,73.99,8.58,71.8,79.99,8.19,127.0,99.98,-27.02,99.4,105.9,6.5,79.68,80.09,0.41,71.8,130,79.99,99,8.19,70.95,71.27,72.74
2026-07-10 05:01:08,2026-07-10 08:01:08,1253,1035,65.39,64.0,79.9,55.99,135.0,1091,915,863,0,71.8,69.8,89.9,62.09,145.0,988,832,739,0.0,99.9,99.9,127.4,99.9,133.0,20,17,8,14.0,99.4,97.96,105.9,84.65,125.0,396,374,143,9.0,79.68,78.15,88.39,68.89,145.0,932,775,793,0.0,1273,421,482,6,187,177,369,359,84,88,384,65.41,73.99,8.58,71.82,82.49,10.67,127.0,99.98,-27.02,99.4,105.9,6.5,79.68,87.49,7.81,71.82,76,82.49,91,10.67,71.4,71.05,72.74
2026-07-10 08:30:54,2026-07-10 11:30:54,1252,1049,65.41,64.0,79.9,55.99,135.0,1092,929,874,0.0,71.8,69.8,89.9,62.09,145.0,989,844,745,0,99.9,99.9,127.4,99.9,133.0,20,17,8,14.0,99.4,98.0,105.9,84.65,125.0,395,372,144,9,79.68,78.1,87.99,68.89,145.0,933,788,800,0,1273,486,404,10,180,193,475,450,93,95,480,65.41,72.49,7.08,71.72,82.49,10.77,127.0,99.98,-27.02,99.4,105.9,6.5,79.68,87.5,7.82,71.72,43,82.49,76,10.77,70.88,70.95,72.74
2026-07-10 12:06:39,2026-07-10 15:06:39,1252,1054,65.41,64.0,79.9,55.99,135.0,1092,933,877,0.0,71.8,69.8,89.9,62.09,145.0,988,846,748,0.0,99.9,99.9,129.0,99.9,133.0,19,16,6,15,99.4,98.0,105.9,84.65,125.0,395,373,144,9,79.68,78.14,88.0,68.89,160.0,933,790,802,0,1273,446,442,15,201,169,429,407,69,76,415,65.27,73.24,7.97,71.72,82.5,10.78,127.0,108.98,-18.02,99.4,,,79.68,88.0,8.32,71.72,37,82.5,65,10.78,69.95,70.95,72.74
2026-07-10 15:37:25,2026-07-10 18:37:25,1254,1065,65.41,64.0,79.9,55.99,135.0,1093,944,881,0,71.8,69.8,89.9,62.09,145.0,989,855,753,0,99.9,99.9,127.4,99.9,133.0,20,17,8,14.0,99.4,98.04,105.9,84.65,125.0,395,371,145,9,79.68,78.14,88.34,68.89,160.0,934,801,804,0.0,1274,453,441,20,221,139,473,444,96,102,470,65.27,70.74,5.47,71.72,82.99,11.27,127.0,99.98,-27.02,99.4,,,79.68,87.99,8.31,71.72,35,82.99,64,11.27,69.95,70.95,72.74
2026-07-10 17:54:31,2026-07-10 20:54:31,1253,1057,65.41,64.0,79.9,55.99,135.0,1092,936,883,0.0,71.8,69.8,89.9,62.09,148.0,989,848,754,0,99.9,99.9,127.4,99.9,133.0,20,17,8,14.0,99.4,98.04,105.9,84.65,125.0,395,368,145,9,79.68,78.14,88.39,68.89,160.0,933,794,803,0,1274,429,517,21,171,136,381,342,71,60,372,65.27,70.74,5.47,71.61,82.99,11.38,127.0,99.98,-27.02,99.4,,,79.68,87.75,8.07,71.61,34,82.99,63,11.38,69.95,70.95,72.74
2026-07-10 19:46:19,2026-07-10 22:46:19,1253,1061,65.41,64.0,79.9,55.99,135.0,1094,941,883,0.0,71.8,69.8,89.9,62.09,148.0,991,854,758,0,99.9,99.9,127.4,99.9,133.0,20,17,8,14.0,99.4,98.04,105.9,84.65,125.0,395,368,145,9,79.68,78.14,88.0,68.89,160.0,936,799,804,0.0,1274,405,494,16,226,133,405,376,90,77,406,65.27,70.74,5.47,71.4,82.99,11.59,127.0,99.98,-27.02,99.4,,,79.68,87.74,8.06,71.4,30,82.99,60,11.59,69.95,70.87,72.74
2026-07-10 21:14:42,2026-07-11 00:14:42,1250,1063,65.41,64.0,79.9,55.99,135.0,1091,943,883,0,71.8,69.8,89.9,62.09,148.0,988,855,760,0.0,99.9,99.9,127.4,99.9,133.0,20,17,8,14.0,99.4,98.09,105.9,84.65,125.0,395,368,146,9,79.68,78.14,88.34,68.89,160.0,933,799,804,0,1274,405,487,11,235,136,356,342,70,66,355,65.27,68.99,3.72,71.17,82.99,11.82,127.0,99.98,-27.02,99.4,,,79.68,87.99,8.31,71.17,28,82.99,59,11.82,69.95,70.87,72.55
2026-07-10 23:08:17,2026-07-11 02:08:17,1249,1061,65.41,64.0,79.9,55.99,135.0,1092,943,888,-0.5,71.8,69.8,89.9,62.09,148.0,987,855,762,-1,99.9,99.9,127.4,99.9,133.0,20,17,8,14.0,99.4,98.09,105.9,84.65,125.0,382,356,146,8.0,79.68,78.17,88.29,68.89,160.0,934,797,805,0.0,1274,372,507,7,239,149,305,299,55,55,302,65.05,73.99,8.94,71.25,82.99,11.74,,99.9,,99.4,105.9,6.5,79.24,87.99,8.75,71.25,433,82.99,159,11.74,71.25,71.7,72.74
2026-07-11 03:32:37,2026-07-11 06:32:37,1250,1056,65.41,64.0,79.9,55.99,135.0,1093,939,870,0,71.8,69.8,89.9,62.09,148.0,988,850,751,0.0,99.9,99.9,127.4,99.9,133.0,20,16,8,15.0,99.4,97.91,105.9,84.65,125.0,383,358,142,9,79.68,78.19,87.99,68.89,160.0,935,795,792,0,1274,367,448,4,255,200,281,297,55,63,276,65.41,74.49,9.08,72.14,82.5,10.36,127.0,99.98,-27.02,99.4,99.39,-0.01,79.68,79.07,-0.61,72.14,122,82.5,92,10.36,71.8,71.78,72.74
2026-07-11 06:22:28,2026-07-11 09:22:28,1253,1067,65.41,64.0,79.9,55.99,135.0,1093,948,869,0,71.8,69.8,89.9,62.09,148.0,988,858,751,0.0,99.9,99.9,127.4,99.9,133.0,20,16,8,15.0,99.4,97.91,105.9,84.65,125.0,383,362,142,9,79.68,78.19,87.99,68.89,160.0,935,804,792,0,1274,382,398,7,231,256,362,383,70,68,352,65.41,74.49,9.08,71.92,82.75,10.83,127.0,99.98,-27.02,99.4,99.39,-0.01,79.68,80.09,0.41,71.92,85,82.75,84,10.83,71.8,71.05,72.74
2026-07-11 08:54:58,2026-07-11 11:54:58,1254,1058,65.41,64.0,79.9,55.99,135.0,1094,939,875,0.0,71.8,69.82,89.9,62.09,148.0,989,851,758,0,99.9,99.9,127.4,99.9,133.0,20,16,8,15.0,99.4,97.85,105.9,84.65,125.0,383,359,143,9,79.68,78.16,87.99,68.89,160.0,936,794,794,0.0,1274,438,350,4,241,241,456,472,91,87,460,65.41,74.24,8.83,71.8,82.75,10.95,127.0,99.98,-27.02,99.4,99.39,-0.01,79.68,86.99,7.31,71.8,63,82.75,78,10.95,71.8,70.63,72.36
2026-07-11 10:22:10,2026-07-11 13:22:10,1254,1062,65.41,64.0,79.9,55.99,135.0,1095,943,876,0,71.8,69.83,89.9,62.09,148.0,990,855,763,0.0,99.9,99.9,127.4,99.9,133.0,20,17,8,15.0,99.4,97.85,105.9,84.65,125.0,383,361,143,9,79.68,78.16,87.99,68.89,160.0,937,797,794,0,1274,459,343,7,231,234,458,445,90,90,446,65.41,74.49,9.08,71.8,82.5,10.7,127.0,99.98,-27.02,99.4,102.65,3.25,79.68,86.99,7.31,71.8,49,82.5,74,10.7,71.8,70.63,72.74
2026-07-11 11:59:49,2026-07-11 14:59:49,1254,1061,65.41,64.0,79.9,55.99,135.0,1095,942,876,0,71.8,69.84,89.9,62.09,148.0,990,855,764,0.0,99.9,99.9,127.4,99.9,133.0,20,17,8,15.0,99.4,97.85,105.9,84.65,125.0,383,362,143,9,79.68,78.19,87.99,68.89,160.0,937,797,794,0,1274,438,412,8,217,199,406,405,72,71,413,65.41,74.5,9.09,71.5,82.49,10.99,127.0,99.98,-27.02,99.4,102.65,3.25,79.68,87.49,7.81,71.5,47,82.49,71,10.99,71.4,70.63,72.74
2026-07-11 13:45:40,2026-07-11 16:45:40,1254,1069,65.41,64.0,79.9,55.99,135.0,1094,950,879,0.0,71.8,69.84,89.9,62.09,148.0,989,860,765,0,99.9,99.9,127.4,99.9,133.0,20,17,8,15.0,99.4,97.85,105.9,84.65,125.0,382,363,143,9.0,79.68,78.19,87.99,68.89,160.0,936,805,797,0.0,1274,458,397,8,235,176,448,447,83,84,460,65.41,74.5,9.09,71.5,82.49,10.99,127.0,99.98,-27.02,99.4,99.39,-0.01,79.68,87.74,8.06,71.5,40,82.49,70,10.99,71.4,70.63,72.12
2026-07-11 15:05:02,2026-07-11 18:05:02,1252,1070,65.41,64.0,79.9,55.99,135.0,1094,952,885,0.0,71.8,69.84,89.9,62.09,148.0,989,861,765,0,99.9,99.9,127.4,99.9,133.0,20,17,8,15.0,99.4,97.86,105.9,84.65,125.0,382,363,144,9.0,79.68,78.19,87.99,68.89,160.0,936,807,799,0.0,1274,445,400,8,255,166,462,449,75,83,438,65.41,74.49,9.08,71.5,82.49,10.99,127.0,99.98,-27.02,99.4,99.39,-0.01,79.68,87.74,8.06,71.5,32,82.49,71,10.99,,71.03,71.5
2026-07-11 16:07:01,2026-07-11 19:07:01,1253,1073,65.41,64.0,79.9,55.99,135.0,1094,955,885,0.0,71.8,69.82,89.9,62.09,148.0,989,864,767,0,99.9,99.9,127.4,99.9,133.0,20,17,8,15.0,99.4,97.86,105.9,84.65,125.0,382,363,144,9.0,79.68,78.19,87.99,68.89,160.0,936,810,799,0.0,1274,460,410,7,244,153,452,445,71,77,429,65.41,73.99,8.58,71.5,82.49,10.99,127.0,99.98,-27.02,99.4,99.39,-0.01,79.68,87.99,8.31,71.5,33,82.49,71,10.99,,70.95,71.5
2026-07-11 18:00:21,2026-07-11 21:00:21,1251,1077,65.41,64.0,79.9,55.99,135.0,1093,959,886,0,71.8,69.82,89.9,62.09,148.0,988,868,769,0.0,99.9,99.9,128.2,99.9,133.0,19,16,7,15,99.4,97.86,105.9,84.65,125.0,382,365,144,9.0,79.68,78.19,87.99,68.89,160.0,935,812,799,0,1274,405,491,10,226,142,362,342,61,63,351,65.41,74.24,8.83,71.5,82.5,11.0,127.0,104.48,-22.52,99.4,99.39,-0.01,79.68,87.49,7.81,71.5,33,82.5,70,11.0,,70.95,71.5
2026-07-11 19:18:47,2026-07-11 22:18:47,1251,1081,65.41,64.0,79.9,55.99,135.0,1093,963,887,0,71.8,69.82,89.9,62.09,148.0,988,870,769,0.0,99.9,99.9,128.2,99.9,133.0,19,16,7,15,99.4,97.86,105.9,84.65,125.0,382,365,144,9.0,79.68,78.19,87.99,68.89,160.0,935,815,800,0,1274,397,460,6,256,155,379,359,74,66,355,65.41,73.99,8.58,71.5,82.75,11.25,127.0,104.48,-22.52,99.4,99.39,-0.01,79.68,87.49,7.81,71.5,33,82.75,66,11.25,,70.95,71.5
2026-07-11 21:00:34,2026-07-12 00:00:34,1249,1078,65.41,64.0,79.9,55.99,135.0,1091,961,887,0,71.8,69.82,89.9,62.09,148.0,986,868,767,0.0,99.9,99.9,127.4,99.9,133.0,20,17,8,15.0,99.4,97.86,105.9,84.65,125.0,382,365,144,9.0,79.68,78.21,87.99,68.89,160.0,933,813,799,0,1274,412,437,5,264,156,371,351,69,69,349,65.41,73.99,8.58,71.5,82.99,11.49,127.0,99.98,-27.02,99.4,99.39,-0.01,79.68,87.49,7.81,71.5,29,82.99,63,11.49,,70.96,71.5
2026-07-11 21:58:50,2026-07-12 00:58:50,1250,1075,65.41,64.0,79.9,55.99,135.0,1091,958,888,0,71.8,69.82,89.9,62.09,148.0,986,865,769,0.0,99.9,99.9,127.4,99.9,133.0,20,16,8,15.0,99.4,97.86,105.9,84.65,125.0,383,367,145,9,79.68,78.19,87.99,68.89,160.0,933,810,800,0,1274,407,449,3,249,166,325,307,60,57,302,65.41,74.49,9.08,71.5,82.99,11.49,127.0,99.98,-27.02,99.4,99.39,-0.01,79.68,87.49,7.81,71.5,29,82.99,62,11.49,,70.96,71.5
2026-07-11 22:59:34,2026-07-12 01:59:34,1248,1076,65.41,64.0,79.9,55.99,135.0,1091,959,888,0,71.8,69.82,89.9,62.09,148.0,986,866,768,0.0,99.9,99.9,127.4,99.9,133.0,20,16,8,15.0,99.4,97.86,105.9,84.65,125.0,372,357,147,8.0,79.68,78.19,87.99,68.89,160.0,933,811,799,0,1274,421,422,4,245,182,279,272,37,45,263,65.05,73.99,8.94,71.5,82.99,11.49,127.0,99.98,-27.02,99.4,102.65,3.25,79.68,87.99,8.31,71.5,80,82.99,67,11.49,71.25,71.52,71.5
2026-07-12 00:03:32,2026-07-12 03:03:32,1247,1074,65.41,64.0,79.9,55.99,135.0,1092,959,879,0.0,71.8,69.8,89.9,62.09,148.0,987,866,758,0,99.9,99.9,127.4,99.9,133.0,20,16,8,16.0,99.4,97.87,105.9,84.65,125.0,372,357,141,9.0,79.68,78.18,87.99,68.89,160.0,934,812,789,0.5,1274,398,415,1,245,215,214,203,18,31,194,65.41,74.5,9.09,72.29,82.5,10.21,127.0,99.98,-27.02,99.4,99.39,-0.01,79.68,79.07,-0.61,72.29,149,82.5,94,10.21,71.8,72.02,72.74
2026-07-12 03:49:48,2026-07-12 06:49:48,1247,1065,65.41,64.0,79.9,55.99,135.0,1091,949,882,0,71.8,69.8,89.9,62.09,148.0,986,857,758,0.0,99.9,99.9,127.4,99.9,133.0,20,16,8,16.0,99.4,98.3,105.9,84.65,125.0,372,353,142,9.0,79.68,78.19,87.99,68.89,160.0,933,801,790,0,1274,402,366,1,214,291,205,207,21,37,197,65.41,76.5,11.09,72.58,82.5,9.92,127.0,99.98,-27.02,99.4,99.39,-0.01,79.68,79.07,-0.61,72.58,141,82.5,93,9.92,71.8,72.07,72.74
2026-07-12 06:42:30,2026-07-12 09:42:30,1252,1068,65.41,64.0,79.9,55.99,135.0,1092,949,884,0.0,71.8,69.8,89.9,62.09,148.0,987,860,762,0,99.9,99.9,128.2,99.9,133.0,20,17,7,16.5,99.4,98.3,105.9,84.65,125.0,372,351,141,9.0,79.68,78.19,87.99,68.89,160.0,934,799,790,0.0,1274,392,333,3,189,357,338,341,40,71,332,65.41,79.9,14.49,72.74,82.99,10.25,127.0,108.98,-18.02,99.4,99.39,-0.01,79.68,79.07,-0.61,72.74,117,82.99,86,10.25,71.8,79.79,72.74
2026-07-12 09:09:20,2026-07-12 12:09:20,1253,1077,65.41,64.01,79.9,55.99,135.0,1094,959,889,0.0,71.8,69.82,89.9,62.09,148.0,989,868,767,0,99.9,99.9,127.4,99.9,133.0,20,17,8,16.0,99.4,98.3,105.9,84.65,125.0,372,354,142,9.0,79.68,78.19,87.99,68.89,160.0,936,810,791,0.0,1287,452,286,1,190,358,435,417,40,77,433,65.41,79.19,13.78,72.36,82.99,10.63,127.0,99.98,-27.02,99.4,99.39,-0.01,79.68,79.07,-0.61,72.36,87,82.99,80,10.63,71.0,72.16,72.66
2026-07-12 11:18:47,2026-07-12 14:18:47,1252,1077,65.41,64.01,79.9,55.99,135.0,1094,962,892,0.0,71.8,69.83,89.9,62.09,148.0,989,874,770,0,99.9,99.9,127.4,99.9,133.0,20,17,8,16.0,99.4,98.3,105.9,84.65,125.0,372,352,143,9.0,79.68,78.2,87.99,68.89,160.0,936,813,794,0.0,1286,474,333,5,186,288,430,418,34,73,427,65.41,79.19,13.78,72.74,82.99,10.25,127.0,99.98,-27.02,99.4,99.39,-0.01,79.68,79.07,-0.61,72.74,67,82.99,80,10.25,71.8,72.31,72.55
2026-07-12 13:47:34,2026-07-12 16:47:34,1251,1080,65.41,64.0,79.9,55.99,135.0,1092,963,895,0.0,71.8,69.83,89.9,62.09,148.0,987,875,771,0,99.9,99.9,127.4,99.9,133.0,20,17,8,16.0,99.4,98.3,105.9,84.65,125.0,372,352,144,9.0,79.68,78.21,87.99,68.89,160.0,934,816,793,0.0,1286,492,352,7,204,231,469,433,23,89,477,65.41,79.9,14.49,72.55,82.99,10.44,127.0,99.98,-27.02,99.4,99.39,-0.01,79.68,79.07,-0.61,72.55,58,82.99,79,10.44,71.4,71.86,72.36
2026-07-12 15:06:46,2026-07-12 18:06:46,1252,1085,65.41,64.0,79.9,55.99,135.0,1094,969,897,0.0,71.8,69.83,89.9,62.09,148.0,989,879,772,0,99.9,99.9,127.4,99.9,133.0,20,17,8,16.0,99.4,98.3,105.9,84.65,125.0,372,353,147,9.0,79.68,78.2,87.99,68.89,160.0,936,821,795,0.0,1286,508,333,5,225,215,488,460,18,87,492,65.41,77.19,11.78,72.55,82.99,10.44,127.0,99.98,-27.02,99.4,99.39,-0.01,79.68,79.07,-0.61,72.55,52,82.99,75,10.44,71.0,71.86,72.14
2026-07-12 17:10:55,2026-07-12 20:10:55,1255,1088,65.41,64.0,79.9,55.99,135.0,1094,969,901,0.0,71.8,69.84,89.9,62.09,148.0,989,879,774,0,99.9,99.9,127.4,99.9,133.0,20,17,8,16.0,99.4,98.3,105.9,84.65,125.0,372,354,149,9.0,79.68,78.2,87.99,68.89,160.0,936,822,794,0.0,1286,502,397,4,186,197,391,374,11,66,400,65.41,79.9,14.49,72.31,82.99,10.68,127.0,99.98,-27.02,99.4,99.39,-0.01,79.68,80.09,0.41,72.31,47,82.99,71,10.68,71.0,72.31,71.5
2026-07-12 19:17:50,2026-07-12 22:17:50,1252,1085,65.41,64.0,79.9,55.99,135.0,1094,968,902,0.0,71.8,69.84,89.9,62.09,148.0,989,878,774,0,99.9,99.9,127.4,99.9,133.0,20,17,8,16.0,99.4,98.3,105.9,84.65,125.0,372,355,149,9.0,79.68,78.2,87.99,68.89,160.0,936,823,794,0.0,1286,476,396,5,224,185,414,398,14,83,437,65.41,77.19,11.78,72.36,83.99,11.63,127.0,99.98,-27.02,99.4,99.39,-0.01,79.68,80.54,0.86,72.36,45,83.99,67,11.63,,72.31,71.5
2026-07-12 21:01:50,2026-07-13 00:01:50,1251,1088,65.41,64.0,79.9,55.99,135.0,1093,971,902,0,71.8,69.84,89.9,62.09,148.0,988,879,774,0.0,99.9,99.9,127.4,99.9,133.0,20,17,8,16.0,99.4,98.3,105.9,84.65,125.0,372,357,149,9.0,79.68,78.2,87.99,68.89,160.0,935,824,795,0,1286,470,394,4,240,178,361,364,5,66,366,65.41,77.19,11.78,72.36,85.49,13.13,127.0,99.98,-27.02,99.4,99.39,-0.01,79.68,83.99,4.31,72.36,43,85.49,64,13.13,,76.1,71.5
2026-07-12 22:02:00,2026-07-13 01:02:00,1250,1086,65.41,64.0,79.9,55.99,135.0,1091,969,902,0,71.8,69.84,89.9,62.09,148.0,986,877,775,0.0,99.9,99.9,127.4,99.9,133.0,20,17,8,16.0,99.4,98.3,105.9,84.65,125.0,362,349,149,9.0,79.68,78.2,87.99,68.89,160.0,934,822,795,0.0,1286,456,396,2,245,187,293,293,7,48,293,65.39,74.24,8.85,71.59,85.49,13.9,127.0,99.98,-27.02,99.4,99.39,-0.01,79.68,87.99,8.31,71.59,114,85.49,70,13.9,71.25,71.73,71.92
2026-07-12 23:00:06,2026-07-13 02:00:06,1251,1085,65.41,64.0,79.9,55.99,135.0,1091,967,902,0,71.8,69.84,89.9,62.09,148.0,986,876,775,0.0,99.9,99.9,127.4,99.9,133.0,20,17,8,16.0,99.4,98.3,105.9,84.65,125.0,362,348,149,9.0,79.68,78.2,87.99,68.89,160.0,934,820,795,0.0,1286,450,398,1,246,191,214,228,12,32,199,65.39,74.24,8.85,71.59,85.49,13.9,127.0,99.98,-27.02,99.4,99.39,-0.01,79.68,87.99,8.31,71.59,114,85.49,70,13.9,71.25,71.73,71.92
2026-07-13 00:03:01,2026-07-13 03:03:01,1251,1085,65.41,64.0,79.9,55.99,135.0,1091,967,897,0,71.8,69.85,89.9,62.09,148.0,986,876,772,0.0,99.9,99.9,113.14,99.9,133.0,20,17,7,17.0,99.4,98.35,105.9,84.65,125.0,363,349,143,10,79.68,78.23,87.99,68.89,160.0,934,821,789,0.0,1286,441,377,3,251,214,169,170,5,27,150,65.41,76.24,10.83,72.1,75.59,3.49,127.0,99.98,-27.02,99.4,99.39,-0.01,79.68,79.1,-0.58,72.1,164,75.59,90,3.49,71.8,72.06,72.74
2026-07-13 03:51:26,2026-07-13 06:51:26,1251,1058,65.41,64.0,79.9,55.99,135.0,1092,946,894,0.0,71.8,69.84,89.9,62.09,148.0,987,856,770,0,109.98,99.9,128.2,96.99,133.0,18,13,4,20.0,99.4,98.35,105.9,84.65,125.0,363,338,143,10,79.68,78.23,87.99,68.89,160.0,935,802,787,0,1286,446,336,1,221,282,288,288,17,54,296,65.41,78.5,13.09,72.74,82.99,10.25,127.0,109.98,-17.02,99.4,99.39,-0.01,79.68,79.23,-0.45,72.74,132,82.99,85,10.25,71.8,72.31,72.74
2026-07-13 07:31:11,2026-07-13 10:31:11,1254,1083,65.41,64.0,79.9,55.99,135.0,1092,964,898,0.0,71.8,69.87,89.9,62.09,148.0,987,873,775,0,99.9,99.9,113.14,99.9,133.0,20,17,7,17.0,99.4,98.35,105.9,84.65,125.0,363,350,144,10,79.68,78.23,88.0,68.89,160.0,935,817,793,0,1286,524,328,2,164,268,460,439,18,87,477,65.41,64.69,-0.72,72.74,82.49,9.75,127.0,99.98,-27.02,99.4,99.39,-0.01,79.68,80.09,0.41,72.74,69,82.49,63,9.75,70.92,92.44,72.55
2026-07-13 11:24:12,2026-07-13 14:24:12,1253,1089,65.41,64.0,79.9,55.99,135.0,1094,971,902,0.0,71.8,69.83,89.9,62.09,148.0,989,880,777,0,99.9,99.9,113.14,99.9,133.0,20,17,7,17.0,99.4,98.35,105.9,84.65,125.0,363,351,145,9,79.68,78.25,87.99,68.89,160.0,936,823,799,0.0,1287,507,379,5,174,222,385,378,6,69,379,65.41,64.69,-0.72,72.74,82.49,9.75,127.0,99.98,-27.02,99.4,99.39,-0.01,79.68,79.28,-0.4,72.74,47,82.49,55,9.75,,72.58,71.97
2026-07-13 14:54:07,2026-07-13 17:54:07,1254,1097,65.41,64.01,79.9,55.99,135.0,1093,977,907,0,71.8,69.88,89.9,62.09,148.0,988,886,781,0.0,99.9,99.9,116.45,99.9,133.0,19,16,6,17,99.4,98.35,105.9,84.65,125.0,363,352,137,10,79.68,78.25,87.99,68.89,160.0,935,830,801,0,1287,547,360,8,195,177,454,441,17,82,471,65.41,73.99,8.58,72.74,82.99,10.25,127.0,104.48,-22.52,99.4,99.39,-0.01,79.68,79.28,-0.4,72.74,39,82.99,67,10.25,,72.58,72.74
2026-07-13 17:20:26,2026-07-13 20:20:26,1254,1067,65.41,64.01,79.9,55.99,135.0,1093,949,909,0,71.8,69.88,89.9,62.09,148.0,988,859,786,0.0,99.9,99.9,113.14,99.9,133.0,20,17,7,17.0,99.4,98.35,105.9,84.65,125.0,363,335,145,10,79.68,78.24,87.99,68.89,160.0,935,804,804,0,1287,539,340,3,214,191,462,438,9,75,464,65.41,64.69,-0.72,72.74,82.99,10.25,127.0,99.98,-27.02,99.4,99.39,-0.01,79.68,79.1,-0.58,72.74,32,82.99,49,10.25,,72.58,71.5
2026-07-13 19:41:06,2026-07-13 22:41:06,1255,1093,65.41,64.01,79.9,55.99,135.0,1093,973,908,0,71.8,69.89,89.9,62.09,148.0,988,881,787,0.0,99.9,99.9,119.76,99.9,133.0,18,14,5,17.5,99.4,98.35,105.9,84.65,125.0,362,351,145,9.0,79.68,78.23,87.99,68.89,160.0,935,825,801,0,1287,507,341,3,232,204,377,379,13,64,371,65.41,64.69,-0.72,72.31,82.99,10.68,127.0,108.98,-18.02,99.4,99.39,-0.01,79.68,79.07,-0.61,72.31,29,82.99,47,10.68,,72.58,71.5
2026-07-13 21:07:22,2026-07-14 00:07:22,1254,1094,65.41,64.0,79.9,55.99,135.0,1093,974,911,0,71.8,69.88,89.9,62.09,148.0,988,882,791,0.0,99.9,99.9,113.14,99.9,133.0,20,16,7,17.0,99.4,98.35,105.9,84.65,125.0,363,352,145,9,79.68,78.23,87.99,68.89,160.0,935,826,803,0,1287,493,339,3,237,215,314,325,12,53,315,65.41,64.69,-0.72,72.02,86.94,14.92,127.0,99.98,-27.02,99.4,99.39,-0.01,79.68,79.07,-0.61,72.02,27,86.94,46,14.92,,72.31,71.5
2026-07-13 23:03:48,2026-07-14 02:03:48,1249,1089,65.41,64.01,79.9,55.99,135.0,1089,971,912,-1,71.8,69.88,89.9,62.09,148.0,985,879,792,-1,99.9,99.9,113.14,99.9,133.0,20,16,7,17.0,99.4,98.35,109.9,84.65,125.0,355,344,146,9,79.68,78.25,91.99,68.89,160.0,931,822,803,-1,1287,469,328,2,244,244,219,212,7,41,204,65.05,77.99,12.94,71.25,86.99,15.74,,99.9,,98.8,109.9,11.1,79.4,91.99,12.59,71.25,452,86.99,144,15.74,71.25,71.7,72.24
2026-07-14 00:02:00,2026-07-14 03:02:00,1251,1087,65.41,64.03,79.9,55.99,135.0,1089,969,904,0,71.8,69.87,89.06,62.09,148.0,985,877,788,0,99.9,99.9,99.9,99.9,99.9,20,16,6,18.0,99.4,98.35,109.9,84.65,125.0,355,342,134,10,79.68,78.25,91.99,68.89,160.0,932,823,795,0.0,1287,467,318,2,240,260,164,160,4,33,154,65.41,78.5,13.09,71.93,73.53,1.6,127.0,99.98,-27.02,99.4,99.39,-0.01,79.68,79.42,-0.26,71.93,166,73.53,88,1.6,71.8,72.06,72.74
2026-07-14 03:24:17,2026-07-14 06:24:17,1251,1086,65.41,64.04,79.9,55.99,135.0,1091,970,905,0,71.8,69.87,89.06,62.09,148.0,987,878,788,0,99.9,99.9,99.9,99.9,99.9,20,16,6,18.0,99.4,98.35,109.9,84.65,125.0,356,342,135,10.0,79.68,78.25,91.99,68.89,160.0,933,822,794,0,1287,490,252,2,197,346,202,221,39,49,210,65.41,78.49,13.08,71.93,75.59,3.66,127.0,99.98,-27.02,99.4,99.39,-0.01,79.68,79.37,-0.31,71.93,142,75.59,81,3.66,71.4,71.94,72.47
2026-07-14 06:20:15,2026-07-14 09:20:15,1250,1097,65.41,64.04,79.9,55.99,135.0,1091,979,915,0,71.8,69.88,88.02,62.09,148.0,987,885,795,0,99.9,99.9,99.9,99.9,99.9,20,16,6,18.0,99.4,98.35,109.9,84.65,125.0,355,343,135,10,79.75,78.28,91.99,68.89,160.0,934,832,799,0.0,1287,569,249,1,132,336,462,468,20,96,495,65.41,67.5,2.09,72.21,79.94,7.73,127.0,99.98,-27.02,99.4,99.39,-0.01,79.68,79.42,-0.26,72.21,67,79.94,58,7.73,71.0,88.23,72.21
2026-07-14 09:11:50,2026-07-14 12:11:50,1254,1103,65.41,64.04,79.9,55.99,135.0,1092,986,917,0.0,71.8,69.89,89.9,62.09,148.0,988,891,804,0.0,99.9,99.9,99.9,99.9,99.9,20,16,6,18.0,99.4,98.35,109.9,84.65,125.0,355,344,134,10,79.76,78.3,91.99,68.89,160.0,936,839,802,0.0,1287,556,234,0,185,312,385,397,8,60,403,65.41,64.69,-0.72,71.92,82.49,10.57,127.0,99.98,-27.02,99.4,99.39,-0.01,79.68,79.28,-0.4,71.92,50,82.49,43,10.57,70.97,71.4,71.92
2026-07-14 11:39:08,2026-07-14 14:39:08,1254,1108,65.41,64.04,79.9,55.99,135.0,1093,989,920,0,71.8,69.9,89.9,62.09,148.0,989,894,808,0,99.9,99.9,99.9,99.9,99.9,21,18,6,18,99.4,98.39,109.9,84.65,125.0,355,344,132,10,79.81,78.3,91.99,68.89,160.0,937,842,807,0,1287,576,240,0,192,279,419,436,12,60,423,65.41,64.69,-0.72,71.5,82.49,10.99,127.0,99.98,-27.02,99.4,99.39,-0.01,79.68,79.41,-0.27,71.5,40,82.49,43,10.99,70.97,71.4,71.5
2026-07-14 14:05:34,2026-07-14 17:05:34,1253,1112,65.41,64.04,79.9,55.99,135.0,1092,993,923,0.0,71.8,69.9,89.9,62.09,148.0,988,897,813,0.0,99.9,99.9,99.9,99.9,99.9,21,18,6,18,99.4,98.39,109.9,84.65,125.0,354,344,132,10.0,79.81,78.29,91.99,68.89,160.0,936,846,812,0.0,1287,582,258,1,196,250,391,411,13,57,391,65.41,64.69,-0.72,71.5,82.5,11.0,127.0,99.98,-27.02,99.4,99.39,-0.01,79.68,79.54,-0.14,71.5,31,82.5,36,11.0,70.97,71.4,71.5
2026-07-14 16:22:38,2026-07-14 19:22:38,1253,1112,65.41,64.05,79.9,55.99,135.0,1092,993,926,0.0,71.8,69.9,89.9,62.09,148.0,988,898,815,0.0,99.9,99.9,99.9,99.9,99.9,21,18,6,18,99.4,98.35,109.9,84.65,125.0,355,344,133,10,79.81,78.29,91.99,68.89,160.0,938,848,814,0.0,1287,553,266,1,227,240,411,427,16,66,431,65.41,64.69,-0.72,71.5,82.5,11.0,127.0,99.98,-27.02,99.4,99.39,-0.01,79.68,79.54,-0.14,71.5,30,82.5,35,11.0,70.97,71.0,71.5
2026-07-14 18:11:38,2026-07-14 21:11:38,1253,1114,65.41,64.05,79.9,55.99,135.0,1092,995,930,0.0,71.8,69.9,89.98,62.09,148.0,988,900,820,0.0,99.9,99.9,99.9,99.9,99.9,21,18,6,18,99.4,98.35,109.9,84.65,125.0,355,344,133,10,79.83,78.3,91.99,68.89,160.0,938,850,818,0.0,1287,564,268,3,196,256,428,429,14,57,428,65.41,64.69,-0.72,71.5,82.49,10.99,127.0,99.98,-27.02,99.4,99.39,-0.01,79.68,79.07,-0.61,71.5,27,82.49,33,10.99,71.8,71.4,71.5
2026-07-14 20:19:27,2026-07-14 23:19:27,1250,1082,65.41,64.05,79.9,55.99,135.0,1091,965,931,0,71.8,69.9,89.98,62.09,148.0,987,870,821,0,99.9,99.9,99.9,99.9,99.9,21,17,6,18,99.4,98.35,109.9,84.65,125.0,355,330,133,10,79.81,78.3,91.99,68.89,160.0,937,821,819,0,1287,542,259,4,214,268,341,358,12,51,339,65.41,64.69,-0.72,71.5,82.49,10.99,127.0,99.98,-27.02,99.4,99.39,-0.01,79.68,79.07,-0.61,71.5,27,82.49,33,10.99,71.8,71.4,71.5
2026-07-14 22:06:55,2026-07-15 01:06:55,1249,1112,65.41,64.05,79.9,55.99,135.0,1089,994,931,0,71.8,69.9,89.99,62.09,148.0,985,899,822,0,99.9,99.9,99.9,99.9,99.9,21,18,6,18,99.4,98.35,109.9,84.65,125.0,348,338,133,10.0,79.85,78.3,91.99,68.89,160.0,935,849,820,0,1287,520,255,3,225,284,269,275,4,40,249,65.11,64.69,-0.42,71.5,75.59,4.09,127.0,99.98,-27.02,99.4,99.39,-0.01,79.68,91.99,12.31,71.5,101,75.59,39,4.09,71.25,71.7,71.5
2026-07-14 23:59:48,2026-07-15 02:59:48,1250,1093,65.41,64.05,79.9,55.99,135.0,1089,977,930,-1,71.8,69.9,89.99,62.09,148.0,985,883,821,-1,109.9,104.9,109.9,99.9,109.9,21,18,6,18,99.4,98.35,109.9,84.65,125.0,348,328,134,10.0,79.85,78.3,91.99,68.89,160.0,935,835,821,-1,1287,500,250,3,222,312,162,176,3,29,164,65.05,77.99,12.94,71.25,86.99,15.74,,109.9,,98.8,109.9,11.1,79.32,91.99,12.67,71.25,459,86.99,133,15.74,71.25,71.52,71.72
2026-07-15 03:21:27,2026-07-15 06:21:27,1249,1113,65.41,64.05,79.98,55.99,135.0,1090,996,924,0.0,71.8,69.9,91.49,62.09,148.0,986,901,810,0.0,109.9,104.9,109.9,99.9,109.9,22,19,6,19.5,99.4,98.8,109.9,84.65,125.0,347,337,125,11,79.85,78.29,91.99,68.89,160.0,936,851,814,0.0,1287,464,208,1,217,397,157,162,0,23,160,65.6,78.49,12.89,72.19,86.99,14.8,127.0,109.9,-17.1,99.4,99.39,-0.01,80.03,80.99,0.96,72.19,155,86.99,92,14.8,71.8,71.76,72.8
2026-07-15 06:23:56,2026-07-15 09:23:56,1253,1099,65.41,64.05,79.98,55.99,135.0,1091,981,927,0,71.8,69.9,91.49,62.09,148.0,987,889,817,0,109.9,104.9,109.9,99.9,109.9,22,19,6,19.5,99.4,98.57,109.9,84.65,125.0,348,334,126,11.0,79.85,78.3,91.99,68.89,160.0,937,836,817,0,1287,540,210,1,172,364,436,469,9,60,472,65.6,67.25,1.65,72.41,86.99,14.58,127.0,109.9,-17.1,99.4,99.39,-0.01,80.03,80.99,0.96,72.41,76,86.99,65,14.58,71.8,71.4,72.66
2026-07-15 09:17:53,2026-07-15 12:17:53,1254,1109,65.41,64.05,79.98,55.99,135.0,1092,989,931,0.0,71.8,69.9,91.49,62.09,148.0,988,897,818,0.0,109.9,104.9,109.9,99.9,109.9,22,19,6,19.5,99.4,98.35,109.9,84.65,125.0,347,334,128,11,79.85,78.3,91.99,68.89,160.0,938,844,819,0.0,1287,565,197,2,191,332,430,436,8,58,420,65.61,64.89,-0.72,72.04,91.9,19.86,127.0,109.9,-17.1,99.4,99.39,-0.01,80.03,89.98,9.95,72.04,44,91.9,56,19.86,71.8,70.36,72.14
2026-07-15 11:42:37,2026-07-15 14:42:37,1254,1105,65.41,64.05,79.98,55.99,135.0,1093,987,931,0,71.8,69.9,91.49,62.09,148.0,989,895,818,0,109.9,104.9,109.9,99.9,109.9,22,19,6,19.5,99.4,98.35,109.9,84.65,125.0,348,334,129,11.0,79.85,78.3,91.99,68.89,160.0,939,842,819,0,1287,559,232,5,200,291,360,388,10,55,350,65.61,64.89,-0.72,71.92,91.9,19.98,127.0,109.9,-17.1,99.4,99.39,-0.01,80.03,91.9,11.87,71.92,37,91.9,51,19.98,71.8,70.12,72.03
2026-07-15 14:02:21,2026-07-15 17:02:21,1254,1108,65.41,64.05,79.98,55.99,135.0,1093,989,932,0,71.8,69.9,91.82,62.09,148.0,989,896,823,0,109.9,104.9,109.9,99.9,109.9,22,19,6,19.5,99.4,98.35,109.9,84.65,125.0,347,333,129,11,79.85,78.3,91.99,68.89,160.0,939,843,820,0,1287,572,235,5,219,256,367,393,10,58,372,65.61,64.89,-0.72,71.92,91.9,19.98,127.0,109.9,-17.1,99.4,99.39,-0.01,80.03,91.9,11.87,71.92,35,91.9,48,19.98,71.8,70.12,72.14
2026-07-15 15:42:17,2026-07-15 18:42:17,1254,1051,65.41,64.05,81.52,55.99,135.0,1093,933,933,0,71.8,69.9,91.78,62.09,148.0,989,842,824,0,109.9,104.9,109.9,99.9,109.9,22,19,6,19.5,99.4,98.35,109.9,84.65,125.0,347,304,129,11,79.85,78.3,91.99,68.89,160.0,939,797,821,0,1287,597,232,4,223,231,454,467,6,71,459,65.61,64.89,-0.72,72.03,91.9,19.87,127.0,109.9,-17.1,99.4,99.39,-0.01,80.03,91.9,11.87,72.03,34,91.9,49,19.87,71.8,70.12,72.14
2026-07-15 17:26:12,2026-07-15 20:26:12,1254,1108,65.41,64.05,81.9,55.99,135.0,1093,989,936,0,71.8,69.9,91.9,62.09,148.0,989,895,824,0,109.9,105.9,115.94,99.9,125.0,22,19,7,19.5,99.4,98.35,109.9,84.65,125.0,348,333,129,11.0,79.85,78.3,91.99,68.89,160.0,939,841,822,0,1287,593,241,2,217,234,434,438,9,55,418,65.61,64.89,-0.72,72.14,91.9,19.76,127.0,109.9,-17.1,99.4,99.39,-0.01,80.03,91.9,11.87,72.14,32,91.9,49,19.76,71.8,70.12,72.14
2026-07-15 19:25:23,2026-07-15 22:25:23,1252,1105,65.41,64.05,80.56,55.99,135.0,1092,987,938,0.0,71.8,69.9,91.65,62.09,148.0,988,894,827,0.0,109.9,105.9,115.94,99.9,125.0,22,19,7,19.5,99.4,98.35,109.9,84.65,125.0,348,331,131,11.0,79.85,78.3,91.99,68.89,160.0,938,839,825,0.0,1287,339,700,0,131,117,190,205,6,23,191,65.61,64.84,-0.77,72.14,91.9,19.76,127.0,109.9,-17.1,99.4,99.39,-0.01,80.03,91.9,11.87,72.14,32,91.9,48,19.76,71.8,70.12,72.14
2026-07-15 21:10:34,2026-07-16 00:10:34,1251,1104,65.41,64.05,80.56,55.99,135.0,1091,985,938,0,71.8,69.9,91.69,62.09,148.0,987,891,826,0,109.9,105.9,115.94,99.9,125.0,22,19,7,19.5,99.4,98.35,109.9,84.65,125.0,348,331,132,11.0,79.85,78.3,91.99,68.89,160.0,937,839,824,0,1287,564,232,0,213,278,273,297,2,51,273,65.61,64.89,-0.72,72.14,91.9,19.76,127.0,109.9,-17.1,99.4,99.39,-0.01,80.03,91.9,11.87,72.14,31,91.9,48,19.76,71.8,71.16,72.14
2026-07-15 23:06:13,2026-07-16 02:06:13,1251,1097,65.41,64.05,81.71,55.99,135.0,1091,979,942,-1,71.8,69.9,90.14,62.09,148.0,986,886,830,-1.0,109.9,99.96,114.43,99.9,125.0,22,19,8,19.0,99.4,98.35,109.9,84.65,125.0,340,321,133,10.5,79.85,78.3,91.99,68.89,160.0,936,832,827,-1.0,1287,537,227,0,211,312,172,192,1,32,167,65.05,77.99,12.94,71.25,86.99,15.74,,109.9,,98.8,109.9,11.1,79.39,91.99,12.6,71.25,461,86.99,146,15.74,71.25,71.52,72.38
2026-07-16 03:28:10,2026-07-16 06:28:10,1250,1082,65.41,64.05,81.9,55.99,135.0,1090,967,930,0.0,71.8,69.9,89.98,62.09,148.0,985,875,826,0,109.9,99.96,114.43,99.9,125.0,22,19,8,20.0,99.4,98.35,109.9,84.65,125.0,340,315,131,11.5,79.85,78.3,91.99,68.89,145.0,935,819,822,0,1287,466,194,1,183,443,145,154,1,17,141,65.61,78.49,12.88,72.22,85.0,12.78,127.0,109.9,-17.1,99.4,99.39,-0.01,80.03,80.99,0.96,72.22,154,85.0,99,12.78,71.8,72.19,72.47
2026-07-16 06:27:01,2026-07-16 09:27:01,1255,1106,65.41,64.05,79.93,55.99,135.0,1093,988,938,0,71.8,69.9,89.92,62.09,148.0,988,895,828,0.0,109.9,104.94,117.45,99.98,125.0,20,17,6,20.0,99.4,98.35,109.9,84.65,125.0,340,320,131,11.5,79.85,78.3,91.99,68.89,145.0,938,842,825,0.0,1287,556,164,0,128,439,418,463,8,62,433,65.61,78.5,12.89,72.14,88.44,16.3,127.0,109.9,-17.1,99.4,99.39,-0.01,80.03,91.9,11.87,72.14,85,88.44,80,16.3,71.8,71.46,72.19
2026-07-16 09:22:02,2026-07-16 12:22:02,1252,1111,65.4,64.05,79.96,55.99,135.0,1092,992,944,0.0,71.8,69.9,89.9,62.09,148.0,987,896,835,0,109.9,99.96,114.43,99.9,125.0,22,19,8,20.0,99.4,98.35,109.9,84.65,125.0,341,326,131,12,79.85,78.3,91.99,68.89,145.0,937,852,829,0,1287,560,167,0,128,432,322,357,3,48,354,65.61,74.75,9.14,72.14,88.44,16.3,127.0,109.9,-17.1,99.4,99.39,-0.01,80.03,91.9,11.87,72.14,56,88.44,68,16.3,70.92,71.46,72.14
2026-07-16 09:49:32,2026-07-16 12:49:32,1251,1109,65.4,64.05,79.96,55.99,135.0,1092,991,944,0.0,71.8,69.9,89.9,62.09,148.0,987,895,835,0,,,,,,22,19,8,20.0,99.4,98.35,109.9,84.65,125.0,341,326,131,12,79.85,78.3,91.99,68.89,145.0,937,851,829,0,1287,561,170,0,132,424,318,347,4,44,338,65.61,74.75,9.14,72.14,88.44,16.3,127.0,109.9,-17.1,99.4,99.39,-0.01,80.03,91.9,11.87,72.14,56,88.44,68,16.3,70.92,71.46,72.14
2026-07-16 09:55:25,2026-07-16 12:55:25,1253,1111,65.4,64.05,79.96,55.99,135.0,1092,991,944,0.0,71.8,69.9,89.9,62.09,148.0,987,895,835,0,,,,,,22,19,8,20.0,99.4,98.35,109.9,84.65,125.0,341,326,131,12,79.85,78.3,91.99,68.89,145.0,937,851,829,0,1287,561,170,0,132,424,318,347,4,44,338,65.61,74.75,9.14,72.14,89.9,17.76,127.0,109.9,-17.1,99.4,99.39,-0.01,80.03,91.9,11.87,72.14,57,89.9,67,17.76,70.92,71.46,72.14
2026-07-16 11:01:45,2026-07-16 14:01:45,1250,1111,65.4,64.05,79.96,55.99,135.0,1088,990,944,0.0,71.8,69.9,89.9,62.09,148.0,983,895,837,0,,,,,,22,19,8,20.0,99.4,98.35,109.9,84.65,125.0,340,326,131,11.5,79.85,78.3,91.99,68.89,145.0,933,850,831,0,1287,576,181,1,132,397,306,330,4,38,302,65.61,77.0,11.39,72.14,89.9,17.76,127.0,109.9,-17.1,99.4,99.39,-0.01,80.03,91.9,11.87,72.14,44,89.9,65,17.76,70.92,71.52,72.14
2026-07-16 11:47:55,2026-07-16 14:47:55,1250,1106,65.4,64.05,79.96,55.99,135.0,1088,986,944,0.0,71.8,69.9,89.9,62.09,148.0,983,893,837,0,,,,,,22,19,7,20.0,99.4,98.35,109.9,84.65,125.0,340,326,131,11.5,79.85,78.3,91.99,68.89,145.0,933,846,831,0,1287,579,201,1,130,376,298,325,8,35,297,65.61,77.99,12.38,72.14,91.9,19.76,127.0,109.9,-17.1,99.4,99.39,-0.01,80.03,91.9,11.87,72.14,46,91.9,65,19.76,70.92,70.85,72.14
2026-07-16 14:13:43,2026-07-16 17:13:43,1249,1105,65.41,64.05,79.95,55.99,135.0,1089,986,945,0,71.8,69.9,89.9,62.09,148.0,984,893,840,0.0,,,,,,22,19,8,20.0,99.4,98.35,109.9,84.65,125.0,341,327,132,11,79.85,78.3,91.99,68.89,145.0,934,849,831,0.0,1287,628,185,4,141,329,380,386,13,54,378,65.61,77.0,11.39,72.14,91.9,19.76,127.0,109.9,-17.1,99.4,99.39,-0.01,80.03,91.9,11.87,72.14,33,91.9,61,19.76,71.8,72.19,71.93
2026-07-16 16:25:17,2026-07-16 19:25:17,1249,1103,65.41,64.05,79.92,55.99,135.0,1088,983,949,0.0,71.8,69.91,89.96,62.09,148.0,983,891,843,0,,,,,,22,19,8,20.0,99.4,98.35,109.9,84.65,125.0,340,327,132,11.0,79.85,78.3,91.99,68.89,145.0,933,846,833,0,1287,645,204,3,131,304,409,426,5,55,418,65.61,64.89,-0.72,71.76,86.99,15.23,127.0,109.9,-17.1,99.4,99.39,-0.01,80.03,91.9,11.87,71.76,28,86.99,47,15.23,71.8,72.19,71.72
2026-07-16 18:13:35,2026-07-16 21:13:35,1248,1101,65.39,64.05,79.92,55.99,135.0,1088,982,949,0.0,71.8,69.91,89.96,62.09,148.0,983,890,843,0,,,,,,22,19,8,20.0,99.4,98.35,109.9,84.65,125.0,340,326,133,11.0,79.85,78.3,91.99,68.89,145.0,933,846,832,0,1287,636,215,2,129,305,406,421,10,48,416,65.61,64.84,-0.77,71.76,86.99,15.23,127.0,109.9,-17.1,99.4,99.39,-0.01,80.03,91.9,11.87,71.76,28,86.99,44,15.23,71.8,72.19,71.72
2026-07-16 20:07:58,2026-07-16 23:07:58,1251,1103,65.41,64.05,81.9,55.99,135.0,1088,982,950,0.0,71.8,69.91,89.99,62.09,148.0,983,890,844,0,,,,,,22,19,8,20.0,99.4,98.35,109.9,84.65,125.0,340,326,133,11.0,79.85,78.3,91.99,68.89,145.0,933,846,834,0,1287,628,212,3,136,308,346,360,6,46,346,65.61,64.89,-0.72,71.72,86.99,15.27,127.0,109.9,-17.1,99.4,99.39,-0.01,80.03,91.9,11.87,71.72,29,86.99,44,15.27,71.8,71.34,71.72
2026-07-16 22:11:13,2026-07-17 01:11:13,1247,1105,65.41,64.05,81.9,55.99,135.0,1086,986,948,0.0,71.8,69.9,91.34,62.09,148.0,982,893,842,0.0,,,,,,22,19,8,20.0,99.4,98.35,109.9,84.65,125.0,327,313,133,10,79.85,78.3,91.99,68.89,145.0,929,846,834,0,1287,602,205,2,150,328,242,245,6,27,236,65.32,64.89,-0.43,71.72,84.0,12.28,127.0,109.9,-17.1,99.4,99.39,-0.01,79.7,91.99,12.29,71.72,108,84.0,48,12.28,71.25,71.92,71.72
2026-07-17 00:06:47,2026-07-17 03:06:47,1247,1105,65.49,64.05,81.9,55.99,135.0,1087,987,941,0,71.8,69.95,91.49,62.09,148.0,983,894,841,0,,,,,,21,18,8,21,99.4,98.35,109.9,84.65,123.5,328,314,130,10.0,79.87,78.39,91.99,68.89,145.0,930,847,832,0.0,1287,570,202,2,152,361,145,136,3,23,135,65.61,78.49,12.88,72.19,82.49,10.3,127.0,109.9,-17.1,99.4,99.39,-0.01,80.03,81.09,1.06,72.19,195,82.49,109,10.3,71.8,72.19,72.96
2026-07-17 04:15:33,2026-07-17 07:15:33,1249,1028,65.49,64.05,81.9,55.99,135.0,1087,915,941,0,71.8,69.95,91.49,62.09,148.0,983,825,841,0,,,,,,22,19,9,21.0,99.4,98.35,109.9,84.65,123.5,329,280,131,10,79.87,78.39,91.99,68.89,145.0,930,780,831,0.0,1287,501,180,1,148,457,219,222,7,25,218,65.61,81.9,16.29,72.28,82.49,10.21,127.0,109.9,-17.1,99.4,99.39,-0.01,80.03,85.24,5.21,72.28,162,82.49,105,10.21,70.55,72.19,72.8
2026-07-17 07:24:58,2026-07-17 10:24:58,1246,1079,65.49,64.05,80.37,55.99,135.0,1082,959,949,0.0,71.8,69.95,89.99,62.09,148.0,978,869,845,0.0,,,,,,22,18,9,21.0,99.4,98.35,109.9,84.65,130.0,328,306,135,9.5,79.87,78.39,91.99,68.89,145.0,926,818,831,0.0,1287,537,175,1,124,450,398,407,8,41,391,65.61,77.0,11.39,72.24,77.79,5.55,127.0,109.9,-17.1,99.4,99.39,-0.01,80.03,91.9,11.87,72.24,68,77.79,78,5.55,70.15,73.09,72.22
2026-07-17 10:07:40,2026-07-17 13:07:40,1242,1102,65.49,64.05,79.98,55.99,135.0,1081,983,952,0,71.8,69.95,89.9,62.09,148.0,977,889,845,0,,,,,,22,19,9,21.0,99.4,98.35,109.9,84.65,123.5,326,315,133,10.0,79.87,78.39,91.99,68.89,145.0,925,844,832,0,1287,554,205,1,118,409,326,345,8,38,316,65.61,77.99,12.38,72.14,85.49,13.35,127.0,109.9,-17.1,99.4,99.39,-0.01,80.03,91.9,11.87,72.14,41,85.49,72,13.35,,71.34,71.93
2026-07-17 12:17:31,2026-07-17 15:17:31,1244,1030,65.49,64.05,78.5,55.99,135.0,1083,915,952,0,71.8,69.95,89.9,62.09,148.0,979,828,847,0,,,,,,22,19,9,21.0,99.4,98.35,109.9,84.65,123.5,328,277,133,10.0,79.87,78.39,91.99,68.89,145.0,927,780,833,0,1287,607,203,3,109,365,339,362,10,44,332,65.61,77.0,11.39,71.72,86.99,15.27,127.0,109.9,-17.1,99.4,99.39,-0.01,80.03,91.9,11.87,71.72,38,86.99,63,15.27,,71.4,71.72
2026-07-17 14:50:18,2026-07-17 17:50:18,1244,1083,65.5,64.05,79.93,55.99,135.0,1082,965,958,0.0,71.8,69.95,89.99,62.09,148.0,978,868,853,0.0,,,,,,21,18,9,21,99.4,98.35,109.9,84.65,130.0,327,311,134,10,79.87,78.39,91.99,68.89,145.0,926,825,837,0.0,1287,647,218,2,102,318,344,397,14,48,357,65.61,77.99,12.38,71.72,86.99,15.27,127.0,109.9,-17.1,99.4,99.39,-0.01,80.03,91.9,11.87,71.72,31,86.99,61,15.27,,71.34,71.72
2026-07-17 16:21:59,2026-07-17 19:21:59,1246,1104,65.5,64.05,79.93,55.99,135.0,1082,982,958,0.0,71.8,69.95,89.99,62.09,148.0,978,888,853,0.0,,,,,,22,19,9,21.0,99.4,98.35,109.9,84.65,130.0,328,318,135,9.5,79.87,78.39,91.99,68.89,145.0,926,844,838,0.0,1287,649,229,3,111,295,343,381,7,43,345,65.61,65.11,-0.5,71.72,85.49,13.77,127.0,109.9,-17.1,99.4,99.39,-0.01,80.03,91.9,11.87,71.72,31,85.49,60,13.77,,71.34,71.72
2026-07-17 18:12:49,2026-07-17 21:12:49,1245,1103,65.5,64.05,79.94,55.99,135.0,1083,981,957,0,71.8,69.95,89.96,62.09,148.0,979,888,853,0,,,,,,22,19,9,21.0,99.4,98.35,109.9,84.65,123.5,327,316,134,10,79.87,78.39,91.99,68.89,145.0,927,844,837,0,1287,646,235,6,96,304,321,333,12,46,308,65.61,77.0,11.39,71.72,86.99,15.27,127.0,109.9,-17.1,99.4,99.39,-0.01,80.03,91.9,11.87,71.72,33,86.99,58,15.27,,71.34,71.72
2026-07-17 20:12:09,2026-07-17 23:12:09,1242,1042,65.5,64.05,79.94,55.99,135.0,1082,925,956,0.0,71.8,69.95,89.97,62.09,148.0,978,839,852,0.0,,,,,,22,18,9,21.0,99.4,98.35,109.9,84.65,123.5,326,284,131,10.0,79.87,78.39,91.99,68.89,145.0,926,789,836,0.0,1287,633,237,5,100,312,278,302,8,46,282,65.61,71.06,5.45,71.72,85.49,13.77,127.0,109.9,-17.1,99.4,99.39,-0.01,80.03,91.9,11.87,71.72,31,85.49,60,13.77,,71.34,71.72
2026-07-17 22:01:18,2026-07-18 01:01:18,1241,1094,65.5,64.05,79.2,55.99,135.0,1081,974,956,0,71.8,69.95,89.98,62.09,145.0,977,888,851,0,,,,,,21,17,8,21,99.4,98.35,109.9,84.65,123.5,326,309,130,10.5,79.87,78.39,91.99,68.89,145.0,925,835,836,0,1287,612,243,3,94,335,229,237,4,38,233,65.61,71.06,5.45,71.72,85.49,13.77,127.0,109.9,-17.1,99.4,99.39,-0.01,80.03,91.9,11.87,71.72,30,85.49,60,13.77,,71.34,71.72
2026-07-17 22:58:50,2026-07-18 01:58:50,1241,1079,65.5,64.05,79.06,55.99,135.0,1079,958,957,0,71.8,69.95,89.97,62.09,145.0,975,872,852,0,,,,,,21,18,8,21,99.4,98.35,109.9,84.65,123.5,318,292,130,9.5,79.87,78.39,91.99,68.89,145.0,922,819,837,0.0,1287,602,239,3,101,342,184,197,2,34,185,65.31,77.5,12.19,71.72,83.99,12.27,127.0,109.9,-17.1,99.4,99.39,-0.01,79.66,91.98,12.32,71.72,94,83.99,65,12.27,71.53,71.89,71.72
2026-07-17 23:59:18,2026-07-18 02:59:18,1240,1097,65.5,64.05,79.92,55.99,135.0,1080,976,959,-1.0,71.8,69.95,89.9,62.09,145.0,976,890,854,-1.0,,,,,,21,18,8,21,99.4,98.35,109.9,84.65,130.0,319,304,134,9,79.87,78.39,91.99,68.89,145.0,922,834,838,-1.0,1287,591,230,4,96,366,120,136,0,27,119,65.05,77.99,12.94,71.25,86.99,15.74,,109.9,,98.8,109.9,11.1,79.4,91.99,12.59,71.25,458,86.99,160,15.74,71.25,71.56,71.72
2026-07-18 03:19:41,2026-07-18 06:19:41,1242,1100,65.6,64.05,78.64,55.99,135.0,1082,980,950,0.0,71.8,69.95,89.9,62.09,145.0,978,894,853,0.0,,,,,,21,18,7,22,99.4,98.16,109.9,84.65,130.0,321,308,130,9,79.87,78.39,91.99,68.89,145.0,924,838,837,0.0,1287,517,192,2,94,482,85,87,0,13,92,65.61,78.24,12.63,72.24,75.59,3.35,127.0,109.9,-17.1,99.4,99.39,-0.01,80.03,81.09,1.06,72.24,179,75.59,113,3.35,70.15,72.04,72.88
2026-07-18 06:12:45,2026-07-18 09:12:45,1245,1095,65.6,64.05,78.5,55.99,135.0,1083,974,953,0,71.8,69.95,89.9,62.09,145.0,978,887,856,0.0,,,,,,21,18,7,22,99.4,98.16,109.9,84.65,130.0,322,306,130,9.5,79.87,78.39,91.99,68.89,145.0,925,833,838,0,1287,497,177,4,72,537,232,242,3,28,248,65.61,78.24,12.63,72.24,77.79,5.55,127.0,109.9,-17.1,99.4,99.39,-0.01,80.03,87.74,7.71,72.24,140,77.79,106,5.55,71.8,72.12,72.72
2026-07-18 08:55:15,2026-07-18 11:55:15,1247,1090,65.6,64.05,79.48,55.99,135.0,1083,970,954,0,71.8,69.95,89.9,62.09,145.0,978,884,859,0.0,,,,,,21,18,7,22,99.4,98.29,109.9,84.65,130.0,322,306,129,9.5,79.87,78.39,91.99,68.89,145.0,925,830,839,0,1287,509,137,2,77,562,303,325,4,47,310,65.61,77.99,12.38,72.14,82.5,10.36,127.0,109.9,-17.1,99.4,99.39,-0.01,80.03,91.9,11.87,72.14,101,82.5,104,10.36,70.97,71.47,72.14
2026-07-18 10:25:54,2026-07-18 13:25:54,1245,1056,65.6,64.05,78.5,55.99,135.0,1083,937,955,0,71.8,69.95,89.9,62.09,145.0,978,853,860,0.0,,,,,,21,18,7,22,99.4,98.02,109.9,84.65,130.0,320,294,131,9.0,79.87,78.39,91.99,68.89,145.0,925,796,839,0,1287,550,159,1,75,502,323,344,6,56,335,65.61,77.5,11.89,72.14,84.5,12.36,127.0,109.9,-17.1,99.4,99.39,-0.01,80.03,91.9,11.87,72.14,88,84.5,94,12.36,70.97,71.51,72.14
2026-07-18 12:00:13,2026-07-18 15:00:13,1244,1073,65.5,64.05,78.5,55.99,135.0,1081,951,955,0,71.8,69.95,89.18,62.09,145.0,976,869,857,0.0,,,,,,21,18,7,22,99.4,98.02,109.9,84.65,125.0,318,294,131,9.0,79.87,78.39,91.99,68.89,145.0,924,810,837,0.0,1287,572,183,1,85,446,313,340,6,54,328,65.61,77.99,12.38,72.14,85.0,12.86,127.0,109.9,-17.1,99.4,99.39,-0.01,80.03,91.9,11.87,72.14,86,85.0,93,12.86,71.8,71.43,72.14
2026-07-18 13:40:32,2026-07-18 16:40:32,1244,1087,65.5,64.05,78.5,55.99,135.0,1081,966,955,0,71.8,69.95,88.94,62.09,145.0,976,883,859,0.0,,,,,,21,18,7,22,99.4,97.64,109.9,84.65,125.0,318,304,134,9.0,79.87,78.39,91.99,68.89,145.0,924,826,838,0.0,1287,588,193,2,94,410,315,338,3,40,327,65.61,78.24,12.63,72.14,86.99,14.85,127.0,109.9,-17.1,99.4,99.39,-0.01,80.03,91.9,11.87,72.14,78,86.99,86,14.85,71.8,71.43,72.14
2026-07-18 15:04:37,2026-07-18 18:04:37,1244,1051,65.5,64.05,78.5,55.99,135.0,1081,930,955,0,71.8,69.95,88.94,62.09,145.0,976,850,859,0.0,,,,,,21,18,7,22,99.4,97.64,109.9,84.65,125.0,318,280,134,9.0,79.87,78.39,91.99,68.89,145.0,924,795,838,0.0,1287,595,213,5,91,383,304,315,3,42,308,65.61,77.99,12.38,72.14,86.99,14.85,127.0,109.9,-17.1,99.4,99.39,-0.01,80.03,91.9,11.87,72.14,72,86.99,84,14.85,70.88,71.53,72.14
2026-07-18 16:06:43,2026-07-18 19:06:43,1244,1090,65.5,64.05,79.06,55.99,135.0,1081,969,957,0,71.8,69.95,89.9,62.09,145.0,976,884,860,0.0,,,,,,21,18,7,22,99.4,97.64,109.9,84.65,125.0,320,306,134,9.0,79.87,78.39,91.99,68.89,145.0,924,831,838,0.0,1287,599,213,3,100,372,288,301,3,45,283,65.61,78.49,12.88,72.14,90.9,18.76,127.0,109.9,-17.1,99.4,99.39,-0.01,80.03,91.9,11.87,72.14,62,90.9,82,18.76,70.88,71.51,72.14
